CKBIL2025135,SRI VIJAYAGANAPATHY STORE - DEPARTMENT,24424.00
CKBIL2025136,KALPANA STORE,173.00
CKBIL2025137,KESAVAN MALIGAI,173.00
CKBIL2025138,SRI MEGA MALIGAI STORE,173.00
CKBIL2025139,ANBU STORE - BIG MARKET,173.00
CKBIL2025140,OM SAKTHI MALIGAI,173.00
CKBIL2025141,GRINDE R. SRIDHARAN,3308.00
CKBIL2025142,TIMAL STORE,449.00
CKBIL2025143,NEW COLUMBU STORE,877.00
CKBIL2025144,SARASWATHI MALEGAI STORE,14011.00
,,
,,
,,
,,
,,
,,
,,
,,
,,
,,
,,
,,
,,
,,
,,
,,
,,
,,
,,
,,
,,
,,
,,
,,
,,
,,
,,
,,
,,
,,
,,
,,
,,
,,
,,
,,
,,
,,
,,
,,
,,
,,
,,
,,
,,
,,
,,
,,
,,
,,
,,
,,
,,
,,
,,
,,
,,
,,
,,
,,
,,
,,
,,
,,
,,
,,
,,
,,
,,
,,
,,
,,
,,
,,
,,
